Percentage,Num_Transactions,Time_s
0.1,34018,0.0006882
0.25,85046,0.0007717
0.5,170092,0.0026267
0.75,255137,0.0035236
1.0,340183,0.0048118
