Percentage,Num_Transactions,Time_s
0.1,34018,0.000595
0.25,85046,0.0009229
0.5,170092,0.0026328
0.75,255137,0.0035162
1.0,340183,0.0049034
