Length,Time_s
5,0.0008582
10,0.0008107
15,0.0132434
20,0.1391343
25,1.348926
30,17.5428292
