Length,Time_s
5,0.0007296
10,0.0008339
15,0.0140017
20,0.1434554
25,1.3797461
30,17.6051508
