Percentage,Num_Transactions,Time_s
0.1,34018,0.0007219
0.25,85046,0.0013204
0.5,170092,0.0025564
0.75,255137,0.0037062
1.0,340183,0.0049478
