Length,Time_s
5,0.0007478
10,0.0007351
15,0.0129822
20,0.1370463
25,1.4287589
30,21.9035877
